author_id; author_username; project_id; title; comments_allowed; date_created; date_modified; date_shared; visible; views; loves; favorites; comments; remixes
156;"johnm";121;midiTest;True;2007-03-05T18:19:49.000Z;2007-03-05T18:19:49.000Z;2007-03-05T18:19:49.000Z;visible;392;21;22;31;0
156;"johnm";1037;test2;True;2007-04-02T15:35:27.000Z;2007-04-02T15:35:27.000Z;2007-04-02T15:35:27.000Z;visible;75;3;6;3;0
176;"patarakin";116577;DemonDragon;True;2008-03-09T15:40:58.000Z;2008-03-09T15:40:58.000Z;2008-03-09T15:40:58.000Z;visible;316;5;2;0;0
159;"ericr";1017438;Lego Scratch Cat;True;2010-04-29T19:58:27.000Z;2020-01-10T15:53:51.000Z;2010-04-29T19:58:27.000Z;visible;23914;1721;1358;2464;74
167;"mres";1161371;mres scrapbook;True;2010-06-29T23:45:58.000Z;2010-06-29T23:45:58.000Z;2010-06-29T23:45:58.000Z;visible;2793;14;13;21;16
2112675;"gamerWTF";3072896;ola;True;2013-01-31T12:30:37.000Z;2013-01-31T12:30:37.000Z;2013-01-31T12:30:37.000Z;visible;32;0;0;0;0
2112958;"swagman12n";3073319;cat gets hit;True;2013-01-31T15:26:24.000Z;2013-01-31T15:26:24.000Z;2013-01-31T15:26:24.000Z;visible;27;0;0;0;0
2113192;"MathWhizz";3073331;fraction cauculator;True;2013-01-31T15:33:56.000Z;2013-01-31T15:33:56.000Z;2013-01-31T15:33:56.000Z;visible;46;0;0;0;0
2112958;"swagman12n";3073357;ah;True;2013-01-31T15:45:46.000Z;2013-01-31T15:45:46.000Z;2013-01-31T15:45:46.000Z;visible;18;0;0;0;0
2112958;"swagman12n";3073387;wee;True;2013-01-31T16:06:26.000Z;2013-01-31T16:06:26.000Z;2013-01-31T16:06:26.000Z;visible;18;0;0;0;0
2112958;"swagman12n";3073431;pour kid;True;2013-01-31T16:31:46.000Z;2013-01-31T16:31:46.000Z;2013-01-31T16:31:46.000Z;visible;28;0;0;0;0
